<?xml version="1.0" encoding="UTF-8"?>
<project-private xmlns="http://www.netbeans.org/ns/project-private/1">
    <editor-bookmarks xmlns="http://www.netbeans.org/ns/editor-bookmarks/2" lastBookmarkId="0"/>
    <open-files xmlns="http://www.netbeans.org/ns/projectui-open-files/2">
        <group>
            <file>file:/D:/Descargas/DatabaseProject.mod4zip/DatabaseProject/DatabaseProject/src/databaseproject/DatabaseProject.java</file>
            <file>file:/D:/Descargas/DatabaseProject.mod4zip/DatabaseProject/DatabaseProject/src/databaseproject/JDBC.java</file>
            <file>file:/D:/Descargas/DatabaseProject.mod4zip/DatabaseProject/DatabaseProject/src/databaseproject/JFrameStudent.java</file>
            <file>file:/D:/Descargas/DatabaseProject.mod4zip/DatabaseProject/DatabaseProject/src/databaseproject/JFramelogin2.java</file>
            <file>file:/D:/Descargas/DatabaseProject.mod4zip/DatabaseProject/DatabaseProject/src/databaseproject/JFrameLogin.java</file>
        </group>
    </open-files>
</project-private>
